Frequency,Harmonic,Voltage Magnitude, Voltage Phase, Current Magnitude,Current Phase,Impedance Magnitude,Impedance Phase,Z Real,Z Imaginary
0.1,0.1,0.008860439777770695,161.6051391995487,0.14563880921941408,160.05955644875777,0.06083845250630882,1.5455827507909135,0.060816318446097174,-0.0016409491233107985
0.1,0.30000000000000004,0.007939584195211322,120.26893565077572,0.13903129135792194,122.46757147509777,0.05710645508406931,-2.1986358243220536,0.057064415031679784,0.0021908330290150136
0.1,0.5,0.007289978639658755,87.87093516336154,0.12788129929347683,85.48982143506497,0.057005822430133954,2.381113728296569,0.056956602416833396,-0.002368381740077173
0.1,0.7000000000000001,0.006225017816387764,51.58374175327557,0.10699290206562335,46.667770722231126,0.058181596126532696,4.915971031044442,0.057967572086101156,-0.004985851409100604
0.1,0.9,0.004936338146693595,23.888424477271656,0.09008803061848338,15.388361984269844,0.054794606040381194,8.500062493001812,0.05419272576674936,-0.008099217560386843
0.1,1.1,0.004474647397555901,177.71957295614726,0.07766321223937822,164.11690453498383,0.057616048429259846,13.602668421163429,0.055999921054428844,-0.013550567460462768
0.1,1.3,0.0040973823071583084,152.0325603436359,0.06639692140839727,138.89901476284274,0.061710426029483186,13.133545580793168,0.060096272608873194,-0.0140219363591593
0.1,1.5,0.0032621615391916757,120.76741141247697,0.05248987772688377,105.98275386820696,0.062148392803759424,14.784657544270019,0.06009076866789682,-0.015859452985260432
0.1,1.7000000000000002,0.003220865122469039,95.68721360694376,0.048594769060928314,78.99200842543397,0.06628007879676731,16.69520518150979,0.06348614410417022,-0.019040965103959834
