Frequency,Harmonic,Voltage Magnitude, Voltage Phase, Current Magnitude,Current Phase,Impedance Magnitude,Impedance Phase,Z Real,Z Imaginary
5,5,0.009019477334903563,41.752393174298845,0.14560650736092476,40.46656182281728,0.061944191220426506,1.285831351481562,0.06192859299759726,-0.001390034276811869
5,15,0.007921069811612095,122.69328960380062,0.138842162587389,123.44980568828092,0.05705089624073289,-0.7565160844802961,0.05704592325476751,0.0007532608326767236
5,25,0.007233241022104451,29.199063342561722,0.12783245130439333,27.213916945019644,0.05658376216912817,1.9851463975420778,0.05654980291105723,-0.0019600846749678017
5,35,0.006098498621274777,113.29849846457779,0.10695071471469673,109.00233772931959,0.0570215789351499,4.296160735258198,0.056861357162160356,-0.004271595244725977
5,45,0.004974919828412846,26.92093947217731,0.09005195453296534,18.43507062857617,0.0552449955607757,8.48586884360114,0.054640189275722124,-0.008152254315426377
5,55,0.0045223157814823015,120.85587528293371,0.07766713657088456,107.85378840622812,0.058226889533321655,13.00208687670559,0.0567340610151552,-0.013100266617679572
5,65,0.0041089992200235076,36.59150321581852,0.0664240596326373,23.357385237649847,0.061860103744766616,13.234117978168673,0.06021726974828693,-0.014161668664932691
5,75,0.0033045461604258104,126.91114489315363,0.05257039139444056,111.03873719920463,0.06285945515663925,15.872407693949,0.06046282090477623,-0.017191811737757485
5,85,0.0032270429853873696,41.01593728072103,0.048623564512242534,24.76705816971591,0.06636788186466376,16.248879111005124,0.06371683862902365,-0.018570412443586808
