Frequency,Harmonic,Voltage Magnitude, Voltage Phase, Current Magnitude,Current Phase,Impedance Magnitude,Impedance Phase,Z Real,Z Imaginary
10,10,0.009070954345908494,103.75777767931538,0.14538338654018443,101.92835458447425,0.06239333504176733,1.8294230948411325,0.062361533047316196,-0.0019918467869594974
10,30,0.007914492406191133,126.57076166824929,0.1389788822027921,128.087283963381,0.056947446120933984,-1.5165222951317077,0.05692749941265459,0.001507126510579111
10,50,0.00727012329830732,156.77437585126066,0.1276689831282006,154.848861397357,0.05694510224936094,1.925514453903645,0.05691294833817424,-0.0019133691871885887
10,70,0.00614830188425965,4.417984333983548,0.1069058259962047,179.73592193536254,0.0575113828172276,-175.317937601379,-0.05731946678534681,0.004694452150488539
10,90,0.00494106526030744,40.567157732252525,0.09019627348679188,32.23476070511077,0.05478125724374852,8.332397027141752,0.05420298666868818,-0.00793866370365701
10,110,0.004541492045831393,78.18301169594889,0.07771261138444592,64.67106889097558,0.05843957582849116,13.511942804973316,0.05682204081280912,-0.013654292397682946
10,130,0.004096049327692036,116.68290380346946,0.06639857413204694,103.35753373968701,0.06168881457523796,13.325370063782444,0.06002796127764324,-0.014218076823109911
10,150,0.0031610645136288785,149.30270469486373,0.052484790784864836,134.13272307749983,0.06022820071029877,15.169981617363902,0.05812947245076593,-0.015760729469021333
10,170,0.0032906827235070104,7.534971723674656,0.0487304220596815,170.82839251803864,0.06752830335589584,-163.29342079436398,-0.06467789931735497,0.01941239537048393
