Frequency,Harmonic,Voltage Magnitude, Voltage Phase, Current Magnitude,Current Phase,Impedance Magnitude,Impedance Phase,Z Real,Z Imaginary
0.2,0.2,0.009037430472245759,171.12034206269823,0.14570813104143493,170.5004534100127,0.062024201447452444,0.6198886526855176,0.06202057142711922,-0.0006710328216754597
0.2,0.6000000000000001,0.007848934663558961,152.61093652400052,0.1389987761300507,153.64162552393614,0.05646765304045054,-1.0306889999356201,0.05645851678892015,0.0010157371175278707
0.2,1.0,0.007177516489728046,139.9706069505579,0.12779491753694225,137.63399230240464,0.05616433445135414,2.3366146481532724,0.056117636335921796,-0.0022898376433265043
0.2,1.4000000000000001,0.006130757629340358,124.42568877057985,0.10703443091125803,119.58902253119015,0.05727836899906866,4.8366662393897,0.05707440679020781,-0.004829455946517127
0.2,1.8,0.004953668558139805,117.3630890319275,0.09000305577330639,109.16780547648571,0.05503889301955225,8.19528355544179,0.0544768341053392,-0.007845654254239685
0.2,2.2,0.004509765244072436,112.34317637563359,0.0776709296259182,98.78568567128443,0.05806245999362367,13.557490704349163,0.05644456065758452,-0.01361105553156739
0.2,2.6,0.004141426823526765,108.84899355521732,0.06638097889107449,94.4348268743593,0.06238875793504782,14.414166680858017,0.06042486225563234,-0.015530394008712436
0.2,3.0,0.0033286463597403293,97.79868342351652,0.0525416482485878,82.34714572062174,0.06335253024403922,15.451537702894782,0.06106272562895652,-0.01687858486617531
0.2,3.4000000000000004,0.003197055233694913,91.9894121577663,0.04862455880290547,76.16049516234797,0.06574980446925678,15.828916995418325,0.06325660160425263,-0.017934300689638343
