Frequency,Harmonic,Voltage Magnitude, Voltage Phase, Current Magnitude,Current Phase,Impedance Magnitude,Impedance Phase,Z Real,Z Imaginary
10,10,0.008897872760419645,107.55701114315089,0.14552191662493263,106.30076294967839,0.06114455448901881,1.2562481934725014,0.06112985791769941,-0.001340527740284329
10,30,0.008027719637580854,139.59193878730397,0.13889429383741547,141.02116904660238,0.05779733217102356,-1.4292302592984072,0.05777935114717321,0.0014415918629378335
10,50,0.007263917768854793,178.7064954961919,0.12783094888728797,176.5144394843189,0.05682440623404578,2.1920560118730066,0.056782823794407036,-0.0021734916114819476
10,70,0.00614280424448979,35.2350283122567,0.10690073257599826,30.015359848234446,0.05746269549764521,5.219668464022256,0.05722441077998638,-0.005227636630301922
10,90,0.004953984013025922,79.37927115618481,0.09020264143853386,71.18496624388581,0.05492060913096076,8.194304912299003,0.0543598918476797,-0.007827864691238407
10,110,0.00454307739155077,125.92311504625911,0.0777248461422464,112.24073677951222,0.05845077368485693,13.682378266746895,0.05679205268071898,-0.013825906721398211
10,130,0.004142055122968129,171.97135304473397,0.06637384606705383,159.60661344907376,0.0624049285735776,12.364739595660211,0.060957399057132974,-0.01336303148476295
10,150,0.0032634065966906916,34.5567098849387,0.052441765223278584,18.964996692784524,0.06222915233299746,15.591713192154174,0.0599392098314117,-0.0167259835247259
10,170,0.003184495180485547,79.99866148897732,0.04864706506834234,64.39371743164311,0.06546119845075495,15.604944057334208,0.0630482566562715,-0.01760925424923034
