Frequency,Harmonic,Voltage Magnitude, Voltage Phase, Current Magnitude,Current Phase,Impedance Magnitude,Impedance Phase,Z Real,Z Imaginary
100,100,0.008949902997248257,55.07218638141465,0.14555184751050312,54.299332679976686,0.061489449638228916,0.7728537014379668,0.06148385575568763,-0.0008293963021904999
100,300,0.007964701005194983,163.71338796879928,0.13886983146570672,164.8656264426654,0.05735371693859821,-1.152238473866106,0.057342119651292406,0.001153325873165468
100,500,0.007226136323991613,98.45527183643563,0.1278687535672715,96.25964221774174,0.05651213547014014,2.1956296186938857,0.05647064661295745,-0.0021650696316629055
100,700,0.006128719335865866,30.417764193374722,0.10696381489077607,25.69739384159189,0.05729712746431196,4.720370351782833,0.05710278662369268,-0.004715143207860817
100,900,0.004985035389777546,150.76652684237092,0.09004245236397437,142.7493528829437,0.0553631676936871,8.017173959427225,0.05482206515634826,-0.007721496556524863
100,1100,0.004509109810330062,93.27375993953973,0.07767701295221702,79.8165171693305,0.05804947485691602,13.457242770209234,0.05645566030572284,-0.013509254258046815
100,1300,0.004081529976793653,36.03100686998974,0.06640736638894187,22.944366281529966,0.06146200638176954,13.086640588459773,0.05986576359131018,-0.013916485838818654
100,1500,0.003274905947106596,154.13594502713096,0.0525162702598436,138.27084908416558,0.06235983497881308,15.865095942965382,0.05998442567226693,-0.017047512878806802
100,1700,0.003227029792066741,95.5893194577617,0.04860591133058217,79.57589203923916,0.0663917145821796,16.01342741852254,0.06381552174070063,-0.01831499249586977
